{
  "params": {
    "n_estimators": 378,
    "num_leaves": 29,
    "min_child_samples": 550,
    "learning_rate": 0.022001474140139338,
    "subsample": 0.7746228708297836,
    "colsample_bytree": 0.5059625056033668,
    "reg_lambda": 6.067670185466715,
    "reg_alpha": 3.7683821542638967
  },
  "weights": {
    "lgbm": 0.8656744832815417,
    "xgb": 6.071532165918825e-18,
    "cat": 4.163336342344337e-17,
    "ridge": 0.1343255167184583
  },
  "H1": 0.7815239239161645,
  "H2": 0.7921569198653942,
  "H3": 0.7819195165629511
}