{
  "a": 0.0019042882874820094,
  "b": 1.0418173354925486,
  "H1_cal": 0.7902929542826865,
  "H2_cal": 0.7940340213384717
}