{
  "a": 0.012535783850122882,
  "b": 1.0178190173839148,
  "H1_raw": 0.8044803014198947,
  "H1_cal": 0.8232606836630708,
  "H2_raw": 0.8175044925061261,
  "H2_cal": 0.8246759055869939,
  "H3": 0.6396273940735044,
  "seeds": [
    42,
    101,
    202,
    303,
    404
  ]
}